{
    "Paris": 2.6666666666666665,
    "c\u00e9l\u00e8bre": 3.0,
    "mus\u00e9es": 3.0,
    "impressionnants": 2.5,
    "visiteurs": 2.6,
    "explorer": 2.2857142857142856,
    "Louvre": 2.25,
    "admirer": 2.5,
    "historiques": 2.0,
    "ville": 2.5,
    "offre": 2.625,
    "expositions": 2.4,
    "temporaires": 2.5,
    "captivantes": 2.75,
    "mus\u00e9e": 2.4285714285714284,
    "amateurs": 2.6666666666666665,
    "art": 2.5833333333333335,
    "architecture": 2.3333333333333335,
    "spectaculaire": 2.5,
    "Centre Pompidou": 2.0,
    "touristes": 2.5,
    "artistes": 2.7142857142857144,
    "caf\u00e9s": 2.5,
    "pittoresques": 2.5,
    "\u00e9galement": 2.5,
    "d\u00e9couvrir": 2.2,
    "tour": 2.5,
    "Eiffel": 2.5,
    "romantique": 2.5,
    "monuments": 2.0,
    "Notre-Dame": 2.5,
    "histoire": 2.6,
    "passionn\u00e9s": 2.0,
    "boutiques": 2.5,
    "luxe": 2.5,
    "Champs-\u00c9lys\u00e9es": 2.5,
    "exp\u00e9rience": 2.6666666666666665,
    "gourmets": 3.0,
    "sp\u00e9cialit\u00e9s": 2.5,
    "restaurants": 3.0,
    "renomm\u00e9s": 2.75,
    "cuisine": 3.0,
    "exposition": 2.6666666666666665,
    "\u0153uvres": 3.0,
    "c\u00e9l\u00e8bres": 2.5714285714285716,
    "Monet": 3.0,
    "Picasso": 3.0,
    "chefs-d'\u0153uvre": 2.5,
    "chaque": 3.0,
    "section": 2.0,
    "moderne": 2.0,
    "impact": 2.0,
    "propose": 2.3333333333333335,
    "conf\u00e9rences": 2.5,
    "participants": 2.0,
    "technologies": 2.3333333333333335,
    "innovantes": 2.0,
    "reproductions": 2.3333333333333335,
    "virtuelles": 2.0,
    "incluent": 3.0,
    "permettent": 2.5,
    "Tour Eiffel": 2.5,
    "collaborations": 2.6,
    "contemporains": 2.5,
    "ateliers": 2.0,
    "galerie": 2.5,
    "sculptures": 2.0,
    "boutique": 2.5,
    "souvenirs": 2.5,
    "visites": 2.0,
    "caf\u00e9": 2.5,
    "adjacent": 2.3333333333333335,
    "populaire": 2.5,
    "livres": 3.0,
    "mouvements": 3.0,
    "artistiques": 3.0,
    "internationaux": 3.0,
    "\u00e9v\u00e9nements": 2.75,
    "festivals": 2.5,
    "public": 2.75,
    "diversifi\u00e9": 2.5,
    "institutions": 2.5,
    "culture": 3.0,
    "profiter": 2.5,
    "vue": 3.0,
    "p\u00e2tisseries": 3.0,
    "d\u00e9licieuses": 3.0,
    "comme": 3.0,
    "promenades": 3.0,
    "Seine": 3.0,
    "offrent": 3.0,
    "destination": 3.0,
    "attrait": 2.5,
    "galeries": 3.0,
    "proximit\u00e9": 2.5,
    "magnifique": 2.5,
    "classiques": 3.0,
    "modernes": 2.3333333333333335,
    "r\u00e9guli\u00e8rement": 2.5,
    "artistique": 2.5,
    "internationales": 3.0,
    "Th\u00e9\u00e2tre": 3.0,
    "Apollo": 3.0,
    "incroyable": 3.0,
    "musiciens": 3.0,
    "\u00e9v\u00e9nement": 2.5,
    "spectateurs": 3.0,
    "th\u00e9\u00e2tre": 2.5,
    "critiques": 2.5
}