{
    "parc": 1.2222222222222223,
    "enfants": 1.6,
    "jardin": 1.3333333333333333,
    "amis": 1.5,
    "livres": 1.0,
    "football": 1.0,
    "chat": 2.0,
    "\u00e9cole": 1.75,
    "march\u00e9": 1.6666666666666667,
    "r\u00e9sultats": 3.0,
    "scientifiques": 2.6666666666666665,
    "professeur": 3.0,
    "activement": 2.5,
    "fruits": 1.6666666666666667,
    "pour": 1.5,
    "noir": 1.0,
    "maison": 2.0,
    "\u00e9tudiants": 2.5,
    "internationale": 2.0,
    "beau": 1.5
}